d3mIndex,radonFile,radonFile_index
258,radon.csv,5339
515,radon.csv,5596
317,radon.csv,5398
865,radon.csv,5946
871,radon.csv,5952
9,radon.csv,5090
345,radon.csv,5426
535,radon.csv,5616
265,radon.csv,5346
616,radon.csv,5697
405,radon.csv,5486
254,radon.csv,5335
794,radon.csv,5875
691,radon.csv,5772
625,radon.csv,5706
286,radon.csv,5367
381,radon.csv,5462
666,radon.csv,5747
318,radon.csv,5399
486,radon.csv,5567
908,radon.csv,5989
739,radon.csv,5820
410,radon.csv,5491
323,radon.csv,5404
846,radon.csv,5927
352,radon.csv,5433
484,radon.csv,5565
347,radon.csv,5428
811,radon.csv,5892
660,radon.csv,5741
481,radon.csv,5562
603,radon.csv,5684
531,radon.csv,5612
199,radon.csv,5280
125,radon.csv,5206
156,radon.csv,5237
54,radon.csv,5135
443,radon.csv,5524
787,radon.csv,5868
670,radon.csv,5751
89,radon.csv,5170
297,radon.csv,5378
566,radon.csv,5647
912,radon.csv,5993
906,radon.csv,5987
186,radon.csv,5267
218,radon.csv,5299
755,radon.csv,5836
216,radon.csv,5297
118,radon.csv,5199
810,radon.csv,5891
534,radon.csv,5615
866,radon.csv,5947
836,radon.csv,5917
384,radon.csv,5465
476,radon.csv,5557
339,radon.csv,5420
81,radon.csv,5162
128,radon.csv,5209
591,radon.csv,5672
506,radon.csv,5587
138,radon.csv,5219
833,radon.csv,5914
763,radon.csv,5844
270,radon.csv,5351
62,radon.csv,5143
856,radon.csv,5937
20,radon.csv,5101
463,radon.csv,5544
728,radon.csv,5809
696,radon.csv,5777
862,radon.csv,5943
275,radon.csv,5356
803,radon.csv,5884
406,radon.csv,5487
504,radon.csv,5585
887,radon.csv,5968
841,radon.csv,5922
174,radon.csv,5255
554,radon.csv,5635
204,radon.csv,5285
819,radon.csv,5900
913,radon.csv,5994
259,radon.csv,5340
743,radon.csv,5824
640,radon.csv,5721
773,radon.csv,5854
109,radon.csv,5190
858,radon.csv,5939
260,radon.csv,5341
477,radon.csv,5558
747,radon.csv,5828
272,radon.csv,5353
704,radon.csv,5785
472,radon.csv,5553
96,radon.csv,5177
904,radon.csv,5985
191,radon.csv,5272
79,radon.csv,5160
471,radon.csv,5552
848,radon.csv,5929
83,radon.csv,5164
508,radon.csv,5589
329,radon.csv,5410
365,radon.csv,5446
152,radon.csv,5233
164,radon.csv,5245
281,radon.csv,5362
658,radon.csv,5739
171,radon.csv,5252
760,radon.csv,5841
416,radon.csv,5497
498,radon.csv,5579
698,radon.csv,5779
510,radon.csv,5591
396,radon.csv,5477
303,radon.csv,5384
349,radon.csv,5430
792,radon.csv,5873
812,radon.csv,5893
371,radon.csv,5452
730,radon.csv,5811
648,radon.csv,5729
898,radon.csv,5979
627,radon.csv,5708
227,radon.csv,5308
489,radon.csv,5570
548,radon.csv,5629
132,radon.csv,5213
604,radon.csv,5685
700,radon.csv,5781
313,radon.csv,5394
32,radon.csv,5113
583,radon.csv,5664
84,radon.csv,5165
541,radon.csv,5622
565,radon.csv,5646
708,radon.csv,5789
287,radon.csv,5368
90,radon.csv,5171
742,radon.csv,5823
783,radon.csv,5864
916,radon.csv,5997
788,radon.csv,5869
343,radon.csv,5424
579,radon.csv,5660
161,radon.csv,5242
60,radon.csv,5141
733,radon.csv,5814
456,radon.csv,5537
189,radon.csv,5270
864,radon.csv,5945
868,radon.csv,5949
139,radon.csv,5220
305,radon.csv,5386
198,radon.csv,5279
520,radon.csv,5601
731,radon.csv,5812
304,radon.csv,5385
166,radon.csv,5247
431,radon.csv,5512
618,radon.csv,5699
838,radon.csv,5919
361,radon.csv,5442
723,radon.csv,5804
828,radon.csv,5909
847,radon.csv,5928
65,radon.csv,5146
601,radon.csv,5682
370,radon.csv,5451
737,radon.csv,5818
311,radon.csv,5392
15,radon.csv,5096
24,radon.csv,5105
516,radon.csv,5597
87,radon.csv,5168
581,radon.csv,5662
914,radon.csv,5995
438,radon.csv,5519
539,radon.csv,5620
134,radon.csv,5215
817,radon.csv,5898
502,radon.csv,5583
857,radon.csv,5938
533,radon.csv,5614
766,radon.csv,5847
746,radon.csv,5827
95,radon.csv,5176
59,radon.csv,5140
890,radon.csv,5971
599,radon.csv,5680
17,radon.csv,5098
716,radon.csv,5797
187,radon.csv,5268
220,radon.csv,5301
529,radon.csv,5610
231,radon.csv,5312
577,radon.csv,5658
75,radon.csv,5156
757,radon.csv,5838
341,radon.csv,5422
404,radon.csv,5485
50,radon.csv,5131
690,radon.csv,5771
21,radon.csv,5102
455,radon.csv,5536
667,radon.csv,5748
237,radon.csv,5318
289,radon.csv,5370
334,radon.csv,5415
761,radon.csv,5842
896,radon.csv,5977
822,radon.csv,5903
219,radon.csv,5300
288,radon.csv,5369
475,radon.csv,5556
144,radon.csv,5225
813,radon.csv,5894
13,radon.csv,5094
820,radon.csv,5901
816,radon.csv,5897
211,radon.csv,5292
29,radon.csv,5110
736,radon.csv,5817
71,radon.csv,5152
137,radon.csv,5218
574,radon.csv,5655
585,radon.csv,5666
402,radon.csv,5483
598,radon.csv,5679
112,radon.csv,5193
3,radon.csv,5084
358,radon.csv,5439
207,radon.csv,5288
451,radon.csv,5532
778,radon.csv,5859
850,radon.csv,5931
27,radon.csv,5108
713,radon.csv,5794
233,radon.csv,5314
892,radon.csv,5973
35,radon.csv,5116
798,radon.csv,5879
536,radon.csv,5617
356,radon.csv,5437
689,radon.csv,5770
538,radon.csv,5619
30,radon.csv,5111
457,radon.csv,5538
135,radon.csv,5216
701,radon.csv,5782
551,radon.csv,5632
849,radon.csv,5930
256,radon.csv,5337
387,radon.csv,5468
368,radon.csv,5449
806,radon.csv,5887
860,radon.csv,5941
440,radon.csv,5521
458,radon.csv,5539
714,radon.csv,5795
92,radon.csv,5173
855,radon.csv,5936
409,radon.csv,5490
182,radon.csv,5263
5,radon.csv,5086
902,radon.csv,5983
881,radon.csv,5962
255,radon.csv,5336
70,radon.csv,5151
776,radon.csv,5857
703,radon.csv,5784
882,radon.csv,5963
236,radon.csv,5317
873,radon.csv,5954
635,radon.csv,5716
870,radon.csv,5951
45,radon.csv,5126
176,radon.csv,5257
771,radon.csv,5852
657,radon.csv,5738
869,radon.csv,5950
425,radon.csv,5506
398,radon.csv,5479
500,radon.csv,5581
478,radon.csv,5559
242,radon.csv,5323
49,radon.csv,5130
66,radon.csv,5147
25,radon.csv,5106
326,radon.csv,5407
145,radon.csv,5226
64,radon.csv,5145
741,radon.csv,5822
99,radon.csv,5180
653,radon.csv,5734
37,radon.csv,5118
845,radon.csv,5926
647,radon.csv,5728
692,radon.csv,5773
762,radon.csv,5843
655,radon.csv,5736
441,radon.csv,5522
340,radon.csv,5421
421,radon.csv,5502
251,radon.csv,5332
403,radon.csv,5484
826,radon.csv,5907
149,radon.csv,5230
672,radon.csv,5753
831,radon.csv,5912
824,radon.csv,5905
177,radon.csv,5258
562,radon.csv,5643
818,radon.csv,5899
429,radon.csv,5510
397,radon.csv,5478
588,radon.csv,5669
232,radon.csv,5313
620,radon.csv,5701
278,radon.csv,5359
119,radon.csv,5200
385,radon.csv,5466
454,radon.csv,5535
447,radon.csv,5528
462,radon.csv,5543
843,radon.csv,5924
412,radon.csv,5493
225,radon.csv,5306
450,radon.csv,5531
560,radon.csv,5641
555,radon.csv,5636
175,radon.csv,5256
375,radon.csv,5456
151,radon.csv,5232
834,radon.csv,5915
474,radon.csv,5555
561,radon.csv,5642
649,radon.csv,5730
417,radon.csv,5498
315,radon.csv,5396
734,radon.csv,5815
362,radon.csv,5443
659,radon.csv,5740
389,radon.csv,5470
181,radon.csv,5262
785,radon.csv,5866
422,radon.csv,5503
694,radon.csv,5775
867,radon.csv,5948
226,radon.csv,5307
444,radon.csv,5525
6,radon.csv,5087
491,radon.csv,5572
124,radon.csv,5205
224,radon.csv,5305
634,radon.csv,5715
172,radon.csv,5253
158,radon.csv,5239
519,radon.csv,5600
131,radon.csv,5212
321,radon.csv,5402
669,radon.csv,5750
832,radon.csv,5913
624,radon.csv,5705
490,radon.csv,5571
621,radon.csv,5702
628,radon.csv,5709
644,radon.csv,5725
93,radon.csv,5174
346,radon.csv,5427
893,radon.csv,5974
74,radon.csv,5155
309,radon.csv,5390
332,radon.csv,5413
355,radon.csv,5436
676,radon.csv,5757
53,radon.csv,5134
8,radon.csv,5089
687,radon.csv,5768
284,radon.csv,5365
279,radon.csv,5360
909,radon.csv,5990
383,radon.csv,5464
609,radon.csv,5690
750,radon.csv,5831
753,radon.csv,5834
262,radon.csv,5343
86,radon.csv,5167
804,radon.csv,5885
782,radon.csv,5863
419,radon.csv,5500
98,radon.csv,5179
567,radon.csv,5648
433,radon.csv,5514
885,radon.csv,5966
663,radon.csv,5744
837,radon.csv,5918
587,radon.csv,5668
123,radon.csv,5204
735,radon.csv,5816
44,radon.csv,5125
745,radon.csv,5826
891,radon.csv,5972
67,radon.csv,5148
894,radon.csv,5975
611,radon.csv,5692
7,radon.csv,5088
595,radon.csv,5676
612,radon.csv,5693
584,radon.csv,5665
469,radon.csv,5550
685,radon.csv,5766
57,radon.csv,5138
344,radon.csv,5425
808,radon.csv,5889
607,radon.csv,5688
688,radon.csv,5769
435,radon.csv,5516
148,radon.csv,5229
543,radon.csv,5624
479,radon.csv,5560
540,radon.csv,5621
69,radon.csv,5150
393,radon.csv,5474
283,radon.csv,5364
159,radon.csv,5240
830,radon.csv,5911
630,radon.csv,5711
900,radon.csv,5981
94,radon.csv,5175
840,radon.csv,5921
312,radon.csv,5393
206,radon.csv,5287
754,radon.csv,5835
22,radon.csv,5103
169,radon.csv,5250
514,radon.csv,5595
825,radon.csv,5906
273,radon.csv,5354
192,radon.csv,5273
294,radon.csv,5375
162,radon.csv,5243
449,radon.csv,5530
572,radon.csv,5653
886,radon.csv,5967
765,radon.csv,5846
718,radon.csv,5799
835,radon.csv,5916
411,radon.csv,5492
784,radon.csv,5865
821,radon.csv,5902
549,radon.csv,5630
78,radon.csv,5159
58,radon.csv,5139
492,radon.csv,5573
654,radon.csv,5735
461,radon.csv,5542
580,radon.csv,5661
269,radon.csv,5350
854,radon.csv,5935
448,radon.csv,5529
590,radon.csv,5671
888,radon.csv,5969
597,radon.csv,5678
391,radon.csv,5472
420,radon.csv,5501
103,radon.csv,5184
505,radon.csv,5586
113,radon.csv,5194
382,radon.csv,5463
726,radon.csv,5807
596,radon.csv,5677
295,radon.csv,5376
178,radon.csv,5259
209,radon.csv,5290
168,radon.csv,5249
200,radon.csv,5281
499,radon.csv,5580
63,radon.csv,5144
359,radon.csv,5440
507,radon.csv,5588
573,radon.csv,5654
592,radon.csv,5673
407,radon.csv,5488
302,radon.csv,5383
434,radon.csv,5515
250,radon.csv,5331
759,radon.csv,5840
530,radon.csv,5611
140,radon.csv,5221
142,radon.csv,5223
556,radon.csv,5637
876,radon.csv,5957
40,radon.csv,5121
222,radon.csv,5303
76,radon.csv,5157
770,radon.csv,5851
650,radon.csv,5731
394,radon.csv,5475
291,radon.csv,5372
715,radon.csv,5796
853,radon.csv,5934
799,radon.csv,5880
147,radon.csv,5228
183,radon.csv,5264
494,radon.csv,5575
141,radon.csv,5222
671,radon.csv,5752
786,radon.csv,5867
901,radon.csv,5982
727,radon.csv,5808
327,radon.csv,5408
664,radon.csv,5745
316,radon.csv,5397
593,radon.csv,5674
338,radon.csv,5419
150,radon.csv,5231
331,radon.csv,5412
395,radon.csv,5476
414,radon.csv,5495
190,radon.csv,5271
261,radon.csv,5342
586,radon.csv,5667
903,radon.csv,5984
415,radon.csv,5496
732,radon.csv,5813
758,radon.csv,5839
364,radon.csv,5445
111,radon.csv,5192
553,radon.csv,5634
121,radon.csv,5202
14,radon.csv,5095
749,radon.csv,5830
801,radon.csv,5882
56,radon.csv,5137
310,radon.csv,5391
619,radon.csv,5700
235,radon.csv,5316
652,radon.csv,5733
276,radon.csv,5357
665,radon.csv,5746
526,radon.csv,5607
337,radon.csv,5418
453,radon.csv,5534
221,radon.csv,5302
271,radon.csv,5352
668,radon.csv,5749
809,radon.csv,5890
875,radon.csv,5956
622,radon.csv,5703
614,radon.csv,5695
372,radon.csv,5453
645,radon.csv,5726
68,radon.csv,5149
129,radon.csv,5210
319,radon.csv,5400
106,radon.csv,5187
780,radon.csv,5861
878,radon.csv,5959
110,radon.csv,5191
268,radon.csv,5349
623,radon.csv,5704
774,radon.csv,5855
673,radon.csv,5754
153,radon.csv,5234
911,radon.csv,5992
163,radon.csv,5244
793,radon.csv,5874
299,radon.csv,5380
167,radon.csv,5248
253,radon.csv,5334
257,radon.csv,5338
428,radon.csv,5509
740,radon.csv,5821
496,radon.csv,5577
524,radon.csv,5605
814,radon.csv,5895
863,radon.csv,5944
791,radon.csv,5872
542,radon.csv,5623
717,radon.csv,5798
298,radon.csv,5379
77,radon.csv,5158
102,radon.csv,5183
12,radon.csv,5093
240,radon.csv,5321
390,radon.csv,5471
354,radon.csv,5435
917,radon.csv,5998
656,radon.csv,5737
768,radon.csv,5849
208,radon.csv,5289
143,radon.csv,5224
546,radon.csv,5627
202,radon.csv,5283
116,radon.csv,5197
637,radon.csv,5718
378,radon.csv,5459
55,radon.csv,5136
677,radon.csv,5758
897,radon.csv,5978
910,radon.csv,5991
91,radon.csv,5172
2,radon.csv,5083
248,radon.csv,5329
247,radon.csv,5328
369,radon.csv,5450
473,radon.csv,5554
764,radon.csv,5845
136,radon.csv,5217
802,radon.csv,5883
680,radon.csv,5761
629,radon.csv,5710
550,radon.csv,5631
527,radon.csv,5608
528,radon.csv,5609
16,radon.csv,5097
497,radon.csv,5578
589,radon.csv,5670
427,radon.csv,5508
681,radon.csv,5762
126,radon.csv,5207
335,radon.csv,5416
521,radon.csv,5602
296,radon.csv,5377
36,radon.csv,5117
683,radon.csv,5764
223,radon.csv,5304
80,radon.csv,5161
244,radon.csv,5325
205,radon.csv,5286
636,radon.csv,5717
547,radon.csv,5628
789,radon.csv,5870
374,radon.csv,5455
563,radon.csv,5644
130,radon.csv,5211
243,radon.csv,5324
576,radon.csv,5657
608,radon.csv,5689
314,radon.csv,5395
418,radon.csv,5499
883,radon.csv,5964
437,radon.csv,5518
899,radon.csv,5980
823,radon.csv,5904
241,radon.csv,5322
292,radon.csv,5373
678,radon.csv,5759
751,radon.csv,5832
795,radon.csv,5876
363,radon.csv,5444
480,radon.csv,5561
877,radon.csv,5958
274,radon.csv,5355
379,radon.csv,5460
322,radon.csv,5403
88,radon.csv,5169
501,radon.csv,5582
544,radon.csv,5625
721,radon.csv,5802
325,radon.csv,5406
466,radon.csv,5547
392,radon.csv,5473
880,radon.csv,5961
324,radon.csv,5405
493,radon.csv,5574
642,radon.csv,5723
781,radon.csv,5862
905,radon.csv,5986
350,radon.csv,5431
697,radon.csv,5778
797,radon.csv,5878
360,radon.csv,5441
386,radon.csv,5467
388,radon.csv,5469
376,radon.csv,5457
446,radon.csv,5527
217,radon.csv,5298
195,radon.csv,5276
600,radon.csv,5681
18,radon.csv,5099
82,radon.csv,5163
373,radon.csv,5454
194,radon.csv,5275
127,radon.csv,5208
719,radon.csv,5800
695,radon.csv,5776
545,radon.csv,5626
711,radon.csv,5792
651,radon.csv,5732
146,radon.csv,5227
918,radon.csv,5999
432,radon.csv,5513
193,radon.csv,5274
605,radon.csv,5686
214,radon.csv,5295
552,radon.csv,5633
800,radon.csv,5881
641,radon.csv,5722
859,radon.csv,5940
366,radon.csv,5447
874,radon.csv,5955
569,radon.csv,5650
684,radon.csv,5765
290,radon.csv,5371
805,radon.csv,5886
485,radon.csv,5566
452,radon.csv,5533
213,radon.csv,5294
413,radon.csv,5494
301,radon.csv,5382
769,radon.csv,5850
578,radon.csv,5659
564,radon.csv,5645
306,radon.csv,5387
839,radon.csv,5920
42,radon.csv,5123
104,radon.csv,5185
570,radon.csv,5651
245,radon.csv,5326
4,radon.csv,5085
772,radon.csv,5853
52,radon.csv,5133
85,radon.csv,5166
423,radon.csv,5504
328,radon.csv,5409
107,radon.csv,5188
693,radon.csv,5774
460,radon.csv,5541
46,radon.csv,5127
602,radon.csv,5683
10,radon.csv,5091
196,radon.csv,5277
